

--INSERT dbo.Alumnos

INSERT INTO dbo.Alumnos (id_alumno, nombre, id_comuna, id_carrera, direccion, telefono, correo_electronico, fecha_nacimiento, sexo, nacionalidad) VALUES (1, 'Juan Perez', 1, 2, 'Calle 123', '+56912345678', 'juanperez@gmail.com', '1999-01-01', 'M', 'Chilena')
INSERT INTO dbo.Alumnos (id_alumno, nombre, id_comuna, id_carrera, direccion, telefono, correo_electronico, fecha_nacimiento, sexo, nacionalidad) VALUES (2, 'Maria Sanchez', 3, 1, 'Av. Los Heroes 456', '+56998765432', 'mariasanchez@hotmail.com', '2001-05-15', 'F', 'Chilena')
INSERT INTO dbo.Alumnos (id_alumno, nombre, id_comuna, id_carrera, direccion, telefono, correo_electronico, fecha_nacimiento, sexo, nacionalidad) VALUES (3, 'Pedro Ramirez', 2, 3, 'Calle Santa Rosa 789', '+56955555555', 'pedroramirez@yahoo.com', '1998-11-20', 'M', 'Chileno')
INSERT INTO dbo.Alumnos (id_alumno, nombre, id_comuna, id_carrera, direccion, telefono, correo_electronico, fecha_nacimiento, sexo, nacionalidad) VALUES (4, 'Ana Torres', 4, 4, 'Av. Providencia 1234', '+56912398765', 'anatorres@gmail.com', '2000-03-10', 'F', 'Peruana')
INSERT INTO dbo.Alumnos (id_alumno, nombre, id_comuna, id_carrera, direccion, telefono, correo_electronico, fecha_nacimiento, sexo, nacionalidad) VALUES (5, 'Gabriel Gómez', 3, 2, 'Calle 789', '+56966666666', 'gabrielgomez@gmail.com', '1997-07-25', 'M', 'Argentino')
INSERT INTO dbo.Alumnos (id_alumno, nombre, id_comuna, id_carrera, direccion, telefono, correo_electronico, fecha_nacimiento, sexo, nacionalidad) VALUES (6, 'Florencia Castro', 1, 3, 'Calle 456', '+56933333333', 'florenciacastro@hotmail.com', '2002-02-14', 'F', 'Chilena')
INSERT INTO dbo.Alumnos (id_alumno, nombre, id_comuna, id_carrera, direccion, telefono, correo_electronico, fecha_nacimiento, sexo, nacionalidad) VALUES (7, 'Diego Silva', 2, 1, 'Av. Las Condes 567', '+56944444444', 'diegosilva@gmail.com', '1999-09-30', 'M', 'Chileno')
INSERT INTO dbo.Alumnos (id_alumno, nombre, id_comuna, id_carrera, direccion, telefono, correo_electronico, fecha_nacimiento, sexo, nacionalidad) VALUES (8, 'Daniela Gonzalez', 4, 3, 'Av. Kennedy 890', '+56977777777', 'danielagonzalez@gmail.com', '2001-12-12', 'F', 'Chilena')
INSERT INTO dbo.Alumnos (id_alumno, nombre, id_comuna, id_carrera, direccion, telefono, correo_electronico, fecha_nacimiento, sexo, nacionalidad) VALUES (9, 'Javier Lopez', 3, 4, 'Calle San Martin 321', '+56999999999', 'javierlopez@gmail.com', '2003-08-05', 'M', 'Chileno')
INSERT INTO dbo.Alumnos (id_alumno, nombre, id_comuna, id_carrera, direccion, telefono, correo_electronico, fecha_nacimiento, sexo, nacionalidad) VALUES (10, 'Lucia Rodriguez', 2, 2, 'Calle Los Conquistadores 765', '+56988888888', 'luciarodriguez@hotmail.com', '2000-06-20', 'F', 'Chilena')

--INSERT dbo.Comunas

INSERT INTO dbo.Comunas (id_comuna, nombre, provincia, region, pais, habitantes, superficie, clima, zona_horaria, codigo_postal) VALUES (1, 'Santiago', 'Santiago', 'Metropolitana', 'Chile', 5000000, 641.4, 'Mediterráneo', '-4', '8320000');
INSERT INTO dbo.Comunas (id_comuna, nombre, provincia, region, pais, habitantes, superficie, clima, zona_horaria, codigo_postal) VALUES (2, 'Viña del Mar', 'Valparaíso', 'Valparaíso', 'Chile', 330000, 121.6, 'Mediterráneo', '-4', '2520000');
INSERT INTO dbo.Comunas (id_comuna, nombre, provincia, region, pais, habitantes, superficie, clima, zona_horaria, codigo_postal) VALUES (3, 'Concepción', 'Concepción', 'Biobío', 'Chile', 220000, 221.6, 'Oceánico', '-4', '4030000');
INSERT INTO dbo.Comunas (id_comuna, nombre, provincia, region, pais, habitantes, superficie, clima, zona_horaria, codigo_postal) VALUES (4, 'Valdivia', 'Valdivia', 'Los Ríos', 'Chile', 160000, 1015.6, 'Lluvioso', '-4', '5090000');
INSERT INTO dbo.Comunas (id_comuna, nombre, provincia, region, pais, habitantes, superficie, clima, zona_horaria, codigo_postal) VALUES (5, 'Pucón', 'Cautín', 'La Araucanía', 'Chile', 12000, 110.8, 'Mediterráneo', '-4', '4920000');
INSERT INTO dbo.Comunas (id_comuna, nombre, provincia, region, pais, habitantes, superficie, clima, zona_horaria, codigo_postal) VALUES (6, 'Coyhaique', 'Coyhaique', 'Aysén', 'Chile', 55000, 524.6, 'Frío', '-3', '5950000');
INSERT INTO dbo.Comunas (id_comuna, nombre, provincia, region, pais, habitantes, superficie, clima, zona_horaria, codigo_postal) VALUES (7, 'Punta Arenas', 'Magallanes', 'Magallanes y Antártica Chilena', 'Chile', 117000, 17108.6, 'Frío', '-3', '6200000');
INSERT INTO dbo.Comunas (id_comuna, nombre, provincia, region, pais, habitantes, superficie, clima, zona_horaria, codigo_postal) VALUES (8, 'San Miguel de Tucumán', 'Tucumán', 'Tucumán', 'Argentina', 500000, 72.3, 'Subtropical', '-3', '4000');
INSERT INTO dbo.Comunas (id_comuna, nombre, provincia, region, pais, habitantes, superficie, clima, zona_horaria, codigo_postal) VALUES (9, 'Montevideo', 'Montevideo', 'Montevideo', 'Uruguay', 1350000, 201.2, 'Subtropical', '-3', '11000');
INSERT INTO dbo.Comunas (id_comuna, nombre, provincia, region, pais, habitantes, superficie, clima, zona_horaria, codigo_postal) VALUES (10, 'São Paulo', 'São Paulo', 'São Paulo', 'Brasil', 12300000, 1523.9, 'Subtropical', '-3', '01000');


--INSERT dbo.Bibliografia

INSERT INTO dbo.Bibliografia (id_bibliografia, titulo, autor, editorial, fecha_publicacion, numero_paginas, idioma, categoria, formato, resumen) VALUES (1, 'Cien años de soledad', 'Gabriel García Márquez', 'Sudamericana', '1967-05-30', 432, 'Español', 'Ficción', 'Libro', 'La novela relata la historia de la familia Buendía a lo largo de siete generaciones en el ficticio pueblo de Macondo.');
INSERT INTO dbo.Bibliografia (id_bibliografia, titulo, autor, editorial, fecha_publicacion, numero_paginas, idioma, categoria, formato, resumen) VALUES (2, 'El amor en los tiempos del cólera', 'Gabriel García Márquez', 'Sudamericana', '1985-11-01', 368, 'Español', 'Ficción', 'Libro', 'La novela cuenta la historia de amor entre Florentino Ariza y Fermina Daza, que se desarrolla a lo largo de más de cincuenta años en la ciudad de Cartagena.');
INSERT INTO dbo.Bibliografia (id_bibliografia, titulo, autor, editorial, fecha_publicacion, numero_paginas, idioma, categoria, formato, resumen) VALUES (3, '1984', 'George Orwell', 'Secker & Warburg', '1949-06-08', 328, 'Inglés', 'Ficción', 'Libro', 'La novela presenta un mundo totalitario en el que el gobierno controla todos los aspectos de la vida de las personas.');
INSERT INTO dbo.Bibliografia (id_bibliografia, titulo, autor, editorial, fecha_publicacion, numero_paginas, idioma, categoria, formato, resumen) VALUES (4, 'Rebelión en la granja', 'George Orwell', 'Secker & Warburg', '1945-08-17', 112, 'Inglés', 'Ficción', 'Libro', 'La novela satiriza la Revolución rusa y el surgimiento del régimen estalinista en la Unión Soviética.');
INSERT INTO dbo.Bibliografia (id_bibliografia, titulo, autor, editorial, fecha_publicacion, numero_paginas, idioma, categoria, formato, resumen) VALUES (5, 'El Aleph', 'Jorge Luis Borges', 'Losada', '1949-06-08', 224, 'Español', 'Ficción', 'Libro', 'La obra recopila cuentos que exploran temas como el tiempo, el infinito y la realidad.');
INSERT INTO dbo.Bibliografia (id_bibliografia, titulo, autor, editorial, fecha_publicacion, numero_paginas, idioma, categoria, formato, resumen) VALUES (6, 'Rayuela', 'Julio Cortázar', 'Sudamericana', '1963-06-28', 736, 'Español', 'Ficción', 'Libro', 'La novela presenta una estructura no lineal y está compuesta de varios capítulos que se pueden leer en diferentes órdenes.');
INSERT INTO dbo.Bibliografia (id_bibliografia, titulo, autor, editorial, fecha_publicacion, numero_paginas, idioma, categoria, formato, resumen) VALUES (7, 'La insoportable levedad del ser', 'Milan Kundera', 'Galiani', '1984-11-28', 352, 'Español', 'Ficción', 'Libro', 'La novela explora las relaciones humanas, el amor, la libertad y la política a través de la historia de cuatro personajes.');
INSERT INTO dbo.Bibliografia (id_bibliografia, titulo, autor, editorial, fecha_publicacion, numero_paginas, idioma, categoria, formato, resumen) VALUES (8, 'La Odisea', 'Homero', 'Desconocida', '1998-10-27', 416, 'Griego', 'Poesía épica', 'Libro', 'La obra cuenta las aventuras del héroe griego Odiseo en su regreso a casa después de la Guerra de Troya.');
INSERT INTO dbo.Bibliografia (id_bibliografia, titulo, autor, editorial, fecha_publicacion, numero_paginas, idioma, categoria, formato, resumen) VALUES (9, 'Don Quijote de la Mancha', 'Miguel de Cervantes', 'Francisco de Robles', '1605-01-16', 863, 'Español', 'Novela', 'Libro', 'La obra cuenta las aventuras del hidalgo Alonso Quixano, quien se cree un caballero andante y sale a recorrer el mundo en busca de aventuras.');
INSERT INTO dbo.Bibliografia (id_bibliografia, titulo, autor, editorial, fecha_publicacion, numero_paginas, idioma, categoria, formato, resumen) VALUES (10, 'Crónica de una muerte anunciada', 'Gabriel García Márquez', 'Sudamericana', '1981-09-01', 120, 'Español', 'Ficción', 'Libro', 'La novela relata el asesinato de Santiago Nasar y la inminencia de su muerte, que es anunciada por los habitantes del pueblo en el que vive.');


--INSERT dbo.Calificaciones

INSERT INTO dbo.Calificaciones (id_calificacion, id_alumno, id_modulo, nota, fecha, semestre, aprobado, observaciones, docente, tipo_evaluacion) VALUES (1, 1001, 2001, 6.5, '2022/01/15', '2022/1', 1, 'El estudiante tuvo un buen desempeño en la evaluación', 'María Pérez', 'Examen');
INSERT INTO dbo.Calificaciones (id_calificacion, id_alumno, id_modulo, nota, fecha, semestre, aprobado, observaciones, docente, tipo_evaluacion) VALUES (2, 1002, 2001, 4.0, '2022/01/15', '2022/1', 0, 'El estudiante tuvo dificultades para comprender los temas', 'Juan Rodríguez', 'Examen');
INSERT INTO dbo.Calificaciones (id_calificacion, id_alumno, id_modulo, nota, fecha, semestre, aprobado, observaciones, docente, tipo_evaluacion) VALUES (3, 1003, 2002, 5.8, '2022/03/20', '2022/1', 1, 'El estudiante mejoró su desempeño en el segundo examen', 'María Pérez', 'Examen');
INSERT INTO dbo.Calificaciones (id_calificacion, id_alumno, id_modulo, nota, fecha, semestre, aprobado, observaciones, docente, tipo_evaluacion) VALUES (4, 1004, 2002, 6.2, '2022/03/20', '2022/1', 1, 'El estudiante tuvo un buen desempeño en el segundo examen', 'Juan Rodríguez', 'Examen');
INSERT INTO dbo.Calificaciones (id_calificacion, id_alumno, id_modulo, nota, fecha, semestre, aprobado, observaciones, docente, tipo_evaluacion) VALUES (5, 1001, 2003, 7.0, '2022/05/30', '2022/1', 1, 'El estudiante realizó un buen trabajo en la evaluación', 'María Pérez', 'Trabajo práctico');
INSERT INTO dbo.Calificaciones (id_calificacion, id_alumno, id_modulo, nota, fecha, semestre, aprobado, observaciones, docente, tipo_evaluacion) VALUES (6, 1002, 2003, 4.5, '2022/05/30', '2022/1', 0, 'El estudiante tuvo dificultades para cumplir con los requisitos del trabajo', 'Juan Rodríguez', 'Trabajo práctico');
INSERT INTO dbo.Calificaciones (id_calificacion, id_alumno, id_modulo, nota, fecha, semestre, aprobado, observaciones, docente, tipo_evaluacion) VALUES (7, 1003, 2004, 6.8, '2022/08/10', '2022/2', 1, 'El estudiante tuvo un buen desempeño en la evaluación', 'María Pérez', 'Examen');
INSERT INTO dbo.Calificaciones (id_calificacion, id_alumno, id_modulo, nota, fecha, semestre, aprobado, observaciones, docente, tipo_evaluacion) VALUES (8, 1004, 2004, 5.5, '2022/08/10', '2022/2', 0, 'El estudiante tuvo dificultades para comprender algunos temas', 'Juan Rodríguez', 'Examen');
INSERT INTO dbo.Calificaciones (id_calificacion, id_alumno, id_modulo, nota, fecha, semestre, aprobado, observaciones, docente, tipo_evaluacion) VALUES (9, 1001, 2005, 8.0, '2022/11/15', '2022/2', 1, 'El estudiante tuvo un excelente desempeño en la evaluación', 'María Pérez', 'Examen');
INSERT INTO dbo.Calificaciones (id_calificacion, id_alumno, id_modulo, nota, fecha, semestre, aprobado, observaciones, docente, tipo_evaluacion) VALUES (10, 1002, 2005, 6.2, '2022/11/15', '2022/2', 1, 'El estudiante tuvo un buen desempeño en la evaluación', 'Juan Rodríguez', 'Examen');


--INSERT dbo.Carreras

INSERT INTO dbo.Carreras (id_carrera, nombre, id_escuela, duracion, titulo, modalidad, regimen, perfil_egreso, plan_estudios, acreditada) VALUES (1, 'Ingeniería Civil', 1, 10, 'Ingeniero/a Civil', 'Presencial', 'Anual', 'El egresado será capaz de diseñar, construir y gestionar obras civiles de gran envergadura', 'Ver plan de estudios en el sitio web de la universidad', 1);
INSERT INTO dbo.Carreras (id_carrera, nombre, id_escuela, duracion, titulo, modalidad, regimen, perfil_egreso, plan_estudios, acreditada) VALUES (2, 'Arquitectura', 1, 6, 'Arquitecto/a', 'Presencial', 'Semestral', 'El egresado será capaz de diseñar y construir espacios habitables funcionales y estéticos', 'Ver plan de estudios en el sitio web de la universidad', 1);
INSERT INTO dbo.Carreras (id_carrera, nombre, id_escuela, duracion, titulo, modalidad, regimen, perfil_egreso, plan_estudios, acreditada) VALUES (3, 'Administración de Empresas', 2, 8, 'Licenciado/a en Administración de Empresas', 'Presencial', 'Semestral', 'El egresado será capaz de gestionar y dirigir organizaciones públicas o privadas', 'Ver plan de estudios en el sitio web de la universidad', 1);
INSERT INTO dbo.Carreras (id_carrera, nombre, id_escuela, duracion, titulo, modalidad, regimen, perfil_egreso, plan_estudios, acreditada) VALUES (4, 'Contabilidad', 2, 5, 'Contador/a Público/a', 'Presencial', 'Semestral', 'El egresado será capaz de llevar la contabilidad y auditoría de organizaciones públicas o privadas', 'Ver plan de estudios en el sitio web de la universidad', 1);
INSERT INTO dbo.Carreras (id_carrera, nombre, id_escuela, duracion, titulo, modalidad, regimen, perfil_egreso, plan_estudios, acreditada) VALUES (5, 'Medicina', 3, 12, 'Médico/a', 'Presencial', 'Anual', 'El egresado será capaz de diagnosticar, tratar y prevenir enfermedades en pacientes', 'Ver plan de estudios en el sitio web de la universidad', 1);
INSERT INTO dbo.Carreras (id_carrera, nombre, id_escuela, duracion, titulo, modalidad, regimen, perfil_egreso, plan_estudios, acreditada) VALUES (6, 'Psicología', 4, 6, 'Licenciado/a en Psicología', 'Presencial', 'Semestral', 'El egresado será capaz de diagnosticar y tratar problemas de salud mental en pacientes', 'Ver plan de estudios en el sitio web de la universidad', 1);
INSERT INTO dbo.Carreras (id_carrera, nombre, id_escuela, duracion, titulo, modalidad, regimen, perfil_egreso, plan_estudios, acreditada) VALUES (7, 'Ingeniería de Sistemas', 5, 9, 'Ingeniero/a de Sistemas', 'Presencial', 'Semestral', 'El egresado será capaz de diseñar, implementar y mantener sistemas informáticos para organizaciones', 'Ver plan de estudios en el sitio web de la universidad', 1);
INSERT INTO dbo.Carreras (id_carrera, nombre, id_escuela, duracion, titulo, modalidad, regimen, perfil_egreso, plan_estudios, acreditada) VALUES (8, 'Derecho', 6, 5, 'Abogado/a', 'Presencial', 'Semestral', 'El egresado será capaz de asesorar y representar legalmente a individuos y organizaciones', 'Ver plan de estudios en el sitio web de la universidad', 1);
INSERT INTO dbo.Carreras (id_carrera, nombre, id_escuela, duracion, titulo, modalidad, regimen, perfil_egreso, plan_estudios, acreditada) VALUES (9, 'Ciencias de la Comunicación', 7, 4, 'Licenciado/a en Ciencias de la Comunicación', 'Presencial', 'Semestral', 'El egresado será capaz de comunicar mensajes de forma efectiva a audiencias diversas', 'Ver plan de estudios en el sitio web de la universidad', 0);
INSERT INTO dbo.Carreras (id_carrera, nombre, id_escuela, duracion, titulo, modalidad, regimen, perfil_egreso, plan_estudios, acreditada) VALUES (10, 'Ingeniería Mecánica', 8, 10, 'Ingeniero/a Mecánico/a', 'Presencial', 'Anual', 'El egresado será capaz de diseñar, construir y mantener sistemas mecánicos complejos', 'Ver plan de estudios en el sitio web de la universidad', 1);


--INSERT dbo.Escuelas

INSERT INTO dbo.Escuelas (id_escuela, nombre, decano, direccion, telefono, correo_electronico, sitio_web, mision, vision, historia) VALUES (1, 'Facultad de Ingeniería', 'Juan Pérez', 'Av. Universitaria 1234, Lima, Perú', '01-2345678', 'ingenieria@universidad.edu.pe', 'www.ingenieria.universidad.edu.pe', 'Formar ingenieros líderes capaces de resolver los desafíos del mundo actual', 'Ser reconocida como una de las mejores facultades de ingeniería en la región', 'La Facultad de Ingeniería fue fundada en 1950 con el objetivo de formar ingenieros altamente capacitados');
INSERT INTO dbo.Escuelas (id_escuela, nombre, decano, direccion, telefono, correo_electronico, sitio_web, mision, vision, historia) VALUES (2, 'Facultad de Ciencias Económicas y Empresariales', 'María Gómez', 'Calle Los Laureles 567, Lima, Perú', '01-2345679', 'economia@universidad.edu.pe', 'www.economia.universidad.edu.pe', 'Formar líderes en el ámbito de la economía y la gestión empresarial', 'Ser una facultad reconocida por su excelencia académica y su contribución al desarrollo del país', 'La Facultad de Ciencias Económicas y Empresariales fue fundada en 1960 con el objetivo de formar profesionales en el ámbito de la economía y la gestión empresarial');
INSERT INTO dbo.Escuelas (id_escuela, nombre, decano, direccion, telefono, correo_electronico, sitio_web, mision, vision, historia) VALUES (3, 'Facultad de Medicina', 'Laura García', 'Av. La Molina 789, Lima, Perú', '01-2345680', 'medicina@universidad.edu.pe', 'www.medicina.universidad.edu.pe', 'Formar médicos comprometidos con la salud y el bienestar de la población', 'Ser una facultad líder en la formación de médicos e investigadores en salud', 'La Facultad de Medicina fue fundada en 1970 con el objetivo de formar médicos altamente capacitados y comprometidos con la salud de la población');
INSERT INTO dbo.Escuelas (id_escuela, nombre, decano, direccion, telefono, correo_electronico, sitio_web, mision, vision, historia) VALUES (4, 'Facultad de Ingeniería de Sistemas', 'Carlos López', 'Av. Javier Prado Este 345, Lima, Perú', '01-2345682', 'sistemas@universidad.edu.pe', 'www.sistemas.universidad.edu.pe', 'Formar ingenieros de sistemas capaces de diseñar, implementar y mantener sistemas informáticos', 'Ser una facultad líder en la formación de ingenieros de sistemas a nivel nacional e internacional', 'La Facultad de Ingeniería de Sistemas fue fundada en 1980 con el objetivo de formar ingenieros altamente capacitados en el ámbito de la informática');
INSERT INTO dbo.Escuelas (id_escuela, nombre, decano, direccion, telefono, correo_electronico, sitio_web, mision, vision, historia) VALUES (5, 'Facultad de Educación', 'Ana Torres', 'Calle Los Nogales 789, Lima, Perú', '01-2345683', 'educacion@universidad.edu.pe', 'www.educacion.universidad.edu.pe', 'Formar docentes comprometidos con la educación y el desarrollo del país', 'Ser una facultad líder en la formación de docentes y la investigación educativa', 'La Facultad de Educación fue fundada en 1955 con el objetivo de formar docentes altamente capacitados y comprometidos con la educación del país');
INSERT INTO dbo.Escuelas (id_escuela, nombre, decano, direccion, telefono, correo_electronico, sitio_web, mision, vision, historia) VALUES (6, 'Facultad de Ciencias de la Comunicación', 'Julio Torres', 'Av. Brasil 456, Lima, Perú', '01-2345684', 'comunicacion@universidad.edu.pe', 'www.comunicacion.universidad.edu.pe', 'Formar comunicadores sociales capaces de comunicar mensajes de forma efectiva y ética', 'Ser una facultad líder en la formación de comunicadores sociales a nivel nacional e internacional', 'La Facultad de Ciencias de la Comunicación fue fundada en 1990 con el objetivo de formar comunicadores sociales altamente capacitados y comprometidos con la ética y el servicio a la sociedad');
INSERT INTO dbo.Escuelas (id_escuela, nombre, decano, direccion, telefono, correo_electronico, sitio_web, mision, vision, historia) VALUES (7, 'Facultad de Arquitectura y Urbanismo', 'María Pérez', 'Av. Universitaria 2345, Lima, Perú', '01-2345685', 'arquitectura@universidad.edu.pe', 'www.arquitectura.universidad.edu.pe', 'Formar arquitectos y urbanistas capaces de diseñar espacios funcionales y estéticos', 'Ser una facultad líder en la formación de arquitectos y urbanistas comprometidos con el desarrollo sostenible', 'La Facultad de Arquitectura y Urbanismo fue fundada en 1975 con el objetivo de formar profesionales en el ámbito del diseño y la planificación urbana');
INSERT INTO dbo.Escuelas (id_escuela, nombre, decano, direccion, telefono, correo_electronico, sitio_web, mision, vision, historia) VALUES (8, 'Facultad de Psicología', 'Juan Pérez', 'Calle Los Jazmines 456, Lima, Perú', '01-2345686', 'psicologia@universidad.edu.pe', 'www.psicologia.universidad.edu.pe', 'Formar psicólogos capaces de contribuir al bienestar emocional y mental de las personas', 'Ser una facultad líder en la formación de psicólogos y la investigación en psicología', 'La Facultad de Psicología fue fundada en 1960 con el objetivo de formar psicólogos altamente capacitados y comprometidos con el bienestar emocional y mental de las personas');
INSERT INTO dbo.Escuelas (id_escuela, nombre, decano, direccion, telefono, correo_electronico, sitio_web, mision, vision, historia) VALUES (9, 'Facultad de Bellas Artes', 'María González', 'Av. La Mar 789, Lima, Perú', '01-2345687', 'bellasartes@universidad.edu.pe', 'www.bellasartes.universidad.edu.pe', 'Formar artistas capaces de expresarse a través del arte y la creatividad', 'Ser una facultad líder en la formación de artistas y la promoción del arte y la cultura', 'La Facultad de Bellas Artes fue fundada en 1965 con el objetivo de formar artistas altamente capacitados y comprometidos con la promoción del arte y la cultura en el país');
INSERT INTO dbo.Escuelas (id_escuela, nombre, decano, direccion, telefono, correo_electronico, sitio_web, mision, vision, historia) VALUES (10, 'Facultad de Ciencias Naturales', 'Carlos Gutiérrez', 'Av. Los Pinos 123, Lima, Perú', '01-2345688', 'cienciasnaturales@universidad.edu.pe', 'www.cienciasnaturales.universidad.edu.pe', 'Formar científicos capaces de investigar y contribuir al avance del conocimiento en el ámbito de las ciencias naturales', 'Ser una facultad líder en la formación de científicos y la investigación en ciencias naturales', 'La Facultad de Ciencias Naturales fue fundada en 1970 con el objetivo de formar científicos altamente capacitados y comprometidos con el avance del conocimiento en el ámbito de las ciencias naturales');


--INSERT dbo.Finanzas

INSERT INTO dbo.Finanzas (id_finanza, concepto, monto, fecha, descripcion, tipo_pago, cuenta_bancaria, categoria, centro_costo, aprobado) VALUES (1, 'Pago de sueldos', 15000.00, '2022-01-31', 'Pago de sueldos correspondientes al mes de enero', 'Transferencia', 'BCP - Cuenta corriente 123456', 'Gastos de personal', 'Centro de costos A', 1);
INSERT INTO dbo.Finanzas (id_finanza, concepto, monto, fecha, descripcion, tipo_pago, cuenta_bancaria, categoria, centro_costo, aprobado) VALUES (2, 'Compra de materiales de oficina', 500.00, '2022-02-15', 'Compra de materiales de oficina para el área administrativa', 'Tarjeta de crédito', 'BBVA - Tarjeta 1234', 'Gastos administrativos', 'Centro de costos B', 1);
INSERT INTO dbo.Finanzas (id_finanza, concepto, monto, fecha, descripcion, tipo_pago, cuenta_bancaria, categoria, centro_costo, aprobado) VALUES (3, 'Pago de servicios públicos', 3000.00, '2022-02-28', 'Pago de servicios públicos correspondientes al mes de febrero', 'Débito automático', 'Interbank - Cuenta corriente 789012', 'Gastos generales', 'Centro de costos C', 1);
INSERT INTO dbo.Finanzas (id_finanza, concepto, monto, fecha, descripcion, tipo_pago, cuenta_bancaria, categoria, centro_costo, aprobado) VALUES (4, 'Pago de impuestos', 5000.00, '2022-03-15', 'Pago de impuestos correspondientes al primer trimestre del año', 'Transferencia', 'BCP - Cuenta corriente 654321', 'Gastos tributarios', 'Centro de costos D', 1);
INSERT INTO dbo.Finanzas (id_finanza, concepto, monto, fecha, descripcion, tipo_pago, cuenta_bancaria, categoria, centro_costo, aprobado) VALUES (5, 'Compra de materia prima', 10000.00, '2022-03-31', 'Compra de materia prima para la producción de nuevos productos', 'Tarjeta de crédito', 'Scotiabank - Tarjeta 5678', 'Gastos de producción', 'Centro de costos E', 1);
INSERT INTO dbo.Finanzas (id_finanza, concepto, monto, fecha, descripcion, tipo_pago, cuenta_bancaria, categoria, centro_costo, aprobado) VALUES (6, 'Pago de alquiler', 2000.00, '2022-04-15', 'Pago de alquiler correspondiente al mes de abril', 'Débito automático', 'BBVA - Cuenta corriente 456789', 'Gastos de alquiler', 'Centro de costos F', 1);
INSERT INTO dbo.Finanzas (id_finanza, concepto, monto, fecha, descripcion, tipo_pago, cuenta_bancaria, categoria, centro_costo, aprobado) VALUES (7, 'Pago de seguros', 1500.00, '2022-04-30', 'Pago de seguros de vehículos y equipos correspondiente al segundo trimestre del año', 'Transferencia', 'BCP - Cuenta corriente 987654', 'Gastos de seguros', 'Centro de costos G', 1);
INSERT INTO dbo.Finanzas (id_finanza, concepto, monto, fecha, descripcion, tipo_pago, cuenta_bancaria, categoria, centro_costo, aprobado) VALUES (8, 'Compra de equipo de cómputo', 8000.00, '2022-05-15', 'Compra de equipo de cómputo para el área de diseño', 'Tarjeta de crédito', 'BBVA - Tarjeta 2345', 'Gastos de equipamiento', 'Centro de costos H', 1);
INSERT INTO dbo.Finanzas (id_finanza, concepto, monto, fecha, descripcion, tipo_pago, cuenta_bancaria, categoria, centro_costo, aprobado) VALUES (9, 'Pago de intereses bancarios', 1000.00, '2022-05-31', 'Pago de intereses bancarios correspondientes al mes de mayo', 'Débito automático', 'Interbank - Cuenta corriente 246810', 'Gastos financieros', 'Centro de costos I', 1);
INSERT INTO dbo.Finanzas (id_finanza, concepto, monto, fecha, descripcion, tipo_pago, cuenta_bancaria, categoria, centro_costo, aprobado) VALUES (10, 'Pago de publicidad', 5000.00, '2022-06-15', 'Pago de campaña publicitaria para el lanzamiento de nuevos productos', 'Transferencia', 'BCP - Cuenta corriente 135790', 'Gastos de publicidad', 'Centro de costos J', 1);


--INSERT dbo.Funcionarios

INSERT INTO dbo.Funcionarios (id_funcionario, nombre, id_escuela, id_area, fecha_contratacion, salario, tipo_contrato, direccion, telefono, correo_electronico) VALUES (1, 'Juan Pérez', 1, 1, '2020-01-01', 5000.00, 'Tiempo completo', 'Av. Los Pinos 123, Lima, Perú', '01-2345678', 'juan.perez@empresa.com');
INSERT INTO dbo.Funcionarios (id_funcionario, nombre, id_escuela, id_area, fecha_contratacion, salario, tipo_contrato, direccion, telefono, correo_electronico) VALUES (2, 'María González', 2, 1, '2020-02-01', 4000.00, 'Tiempo completo', 'Calle Las Rosas 456, Lima, Perú', '01-2345679', 'maria.gonzalez@empresa.com');
INSERT INTO dbo.Funcionarios (id_funcionario, nombre, id_escuela, id_area, fecha_contratacion, salario, tipo_contrato, direccion, telefono, correo_electronico) VALUES (3, 'Carlos Gutiérrez', 3, 2, '2020-03-01', 4500.00, 'Tiempo completo', 'Av. La Mar 789, Lima, Perú', '01-2345680', 'carlos.gutierrez@empresa.com');
INSERT INTO dbo.Funcionarios (id_funcionario, nombre, id_escuela, id_area, fecha_contratacion, salario, tipo_contrato, direccion, telefono, correo_electronico) VALUES (4, 'Laura Rodríguez', 4, 2, '2020-04-01', 3500.00, 'Medio tiempo', 'Calle Los Girasoles 789, Lima, Perú', '01-2345681', 'laura.rodriguez@empresa.com');
INSERT INTO dbo.Funcionarios (id_funcionario, nombre, id_escuela, id_area, fecha_contratacion, salario, tipo_contrato, direccion, telefono, correo_electronico) VALUES (5, 'Pedro García', 5, 3, '2020-05-01', 3000.00, 'Tiempo completo', 'Av. Los Jazmines 123, Lima, Perú', '01-2345682', 'pedro.garcia@empresa.com');
INSERT INTO dbo.Funcionarios (id_funcionario, nombre, id_escuela, id_area, fecha_contratacion, salario, tipo_contrato, direccion, telefono, correo_electronico) VALUES (6, 'Ana Torres', 6, 3, '2020-06-01', 2500.00, 'Medio tiempo', 'Calle Los Lirios 456, Lima, Perú', '01-2345683', 'ana.torres@empresa.com');
INSERT INTO dbo.Funcionarios (id_funcionario, nombre, id_escuela, id_area, fecha_contratacion, salario, tipo_contrato, direccion, telefono, correo_electronico) VALUES (7, 'Marcela Ramírez', 8, 4, '2020-08-01', 5500.00, 'Tiempo completo', 'Calle Las Rosas 789, Lima, Perú', '01-2345685', 'marcela.ramirez@empresa.com');
INSERT INTO dbo.Funcionarios (id_funcionario, nombre, id_escuela, id_area, fecha_contratacion, salario, tipo_contrato, direccion, telefono, correo_electronico) VALUES (8, 'Gabriel Vargas', 9, 5, '2020-09-01', 7000.00, 'Tiempo completo', 'Av. La Mar 123, Lima, Perú', '01-2345686', 'gabriel.vargas@empresa.com');
INSERT INTO dbo.Funcionarios (id_funcionario, nombre, id_escuela, id_area, fecha_contratacion, salario, tipo_contrato, direccion, telefono, correo_electronico) VALUES (9, 'Lucía Flores', 10, 5, '2020-10-01', 5000.00, 'Medio tiempo', 'Calle Los Girasoles 123, Lima, Perú', '01-2345687', 'lucia.flores@empresa.com');
INSERT INTO dbo.Funcionarios (id_funcionario, nombre, id_escuela, id_area, fecha_contratacion, salario, tipo_contrato, direccion, telefono, correo_electronico) VALUES (10, 'Jorge Medina', 11, 6, '2020-11-01', 4500.00, 'Tiempo completo', 'Av. Los Jazmines 456, Lima, Perú', '01-2345688', 'jorge.medina@empresa.com');


--INSERT dbo.Intranet


IF NOT EXISTS (SELECT * FROM sys.objects WHERE object_id = OBJECT_ID(N'[dbo].[Intranet]') AND type in (N'U'))
CREATE TABLE dbo.Intranet (
  id_intranet INT PRIMARY KEY,
  nombre VARCHAR(50),
  url VARCHAR(50),
  descripcion VARCHAR(MAX),
  fecha_creacion DATE,
  autor VARCHAR(50),
  categoria VARCHAR(50),
  estado VARCHAR(50),
  nivel_acceso VARCHAR(50),
  comentarios VARCHAR(MAX)
);


--INSERT dbo.Materiales

INSERT INTO dbo.Materiales (id_material, nombre, tipo, descripcion, fecha_creacion, autor, categoria, estado, nivel_acceso, comentarios) VALUES (1, 'Manual de Usuario', 'Documento', 'Manual de usuario del sistema de facturación electrónica.', '2022-01-01', 'Juan Pérez', 'Documentación', 'Activo', 'Departamento de Finanzas', 'Este manual es de uso exclusivo del departamento de Finanzas.');
INSERT INTO dbo.Materiales (id_material, nombre, tipo, descripcion, fecha_creacion, autor, categoria, estado, nivel_acceso, comentarios) VALUES (2, 'Presentación de Ventas', 'Presentación', 'Presentación de ventas de la línea de productos de la empresa.', '2022-01-15', 'María González', 'Ventas', 'Activo', 'Departamento de Ventas', 'Esta presentación es de uso exclusivo del departamento de Ventas.');
INSERT INTO dbo.Materiales (id_material, nombre, tipo, descripcion, fecha_creacion, autor, categoria, estado, nivel_acceso, comentarios) VALUES (3, 'Reporte de Ventas', 'Reporte', 'Reporte de ventas del mes de enero.', '2022-02-01', 'Carlos Gutiérrez', 'Ventas', 'Activo', 'Departamento de Ventas', 'Este reporte es de uso exclusivo del departamento de Ventas.');
INSERT INTO dbo.Materiales (id_material, nombre, tipo, descripcion, fecha_creacion, autor, categoria, estado, nivel_acceso, comentarios) VALUES (4, 'Políticas de Seguridad de la Información', 'Documento', 'Políticas de seguridad de la información de la empresa.', '2022-02-15', 'Laura Rodríguez', 'Seguridad de la Información', 'Activo', 'Todos los empleados', 'Estas políticas son de acceso para todos los empleados de la empresa.');
INSERT INTO dbo.Materiales (id_material, nombre, tipo, descripcion, fecha_creacion, autor, categoria, estado, nivel_acceso, comentarios) VALUES (5, 'Video de Capacitación', 'Video', 'Video de capacitación sobre el uso del sistema de facturación electrónica.', '2022-03-01', 'Pedro García', 'Capacitación', 'Activo', 'Departamento de Finanzas', 'Este video es de uso exclusivo del departamento de Finanzas.');
INSERT INTO dbo.Materiales (id_material, nombre, tipo, descripcion, fecha_creacion, autor, categoria, estado, nivel_acceso, comentarios) VALUES (6, 'Manual de Procedimientos', 'Documento', 'Manual de procedimientos del departamento de Compras.', '2022-03-15', 'Ana Torres', 'Documentación', 'Activo', 'Departamento de Compras', 'Este manual es de uso exclusivo del departamento de Compras.');
INSERT INTO dbo.Materiales (id_material, nombre, tipo, descripcion, fecha_creacion, autor, categoria, estado, nivel_acceso, comentarios) VALUES (7, 'Informe Financiero', 'Informe', 'Informe financiero del primer trimestre del año.', '2022-04-15', 'Marcela Ramírez', 'Finanzas', 'Activo', 'Departamento de Finanzas', 'Este informe es de uso exclusivo del departamento de Finanzas.');
INSERT INTO dbo.Materiales (id_material, nombre, tipo, descripcion, fecha_creacion, autor, categoria, estado, nivel_acceso, comentarios) VALUES (8, 'Presentación de Resultados', 'Presentación', 'Presentación de resultados del proyecto de investigación X.', '2022-05-01', 'Jorge Medina', 'Investigación', 'Activo', 'Departamento de Investigación', 'Esta presentación es de uso exclusivo del departamento de Investigación.');
INSERT INTO dbo.Materiales (id_material, nombre, tipo, descripcion, fecha_creacion, autor, categoria, estado, nivel_acceso, comentarios) VALUES (9, 'Manual de Procedimientos', 'Documento', 'Manual de procedimientos del departamento de Recursos Humanos.', '2022-05-15', 'Lucía Flores', 'Documentación', 'Activo', 'Departamento de Recursos Humanos', 'Este manual es de uso exclusivo del departamento de Recursos Humanos.');
INSERT INTO dbo.Materiales (id_material, nombre, tipo, descripcion, fecha_creacion, autor, categoria, estado, nivel_acceso, comentarios) VALUES (10, 'Guía de Usuario', 'Documento', 'Guía de usuario de la herramienta de gestión de proyectos.', '2022-06-01', 'Roberto Sánchez', 'Documentación', 'Activo', 'Departamento de Proyectos', 'Esta guía es de uso exclusivo del departamento de Proyectos.');


--INSERT dbo.Modulos

INSERT INTO dbo.Modulos (id_modulo, nombre, id_carrera, descripcion, objetivos, contenido, duracion, tipo_evaluacion, docente, bibliografia) VALUES (1, 'Bases de Datos I', 1, 'Introducción a las bases de datos relacionales y lenguaje SQL.', 'Comprender los conceptos básicos de las bases de datos relacionales y lenguaje SQL.', '1. Introducción a las bases de datos relacionales.\n2. Modelado de datos.\n3. Lenguaje SQL.\n4. Consultas SQL.', 10, 'Exámenes, tareas, proyecto', 'Ana Torres', '1. Database Systems: The Complete Book, Hector Garcia-Molina, Jeffrey D. Ullman y Jennifer Widom.\n2. Fundamentals of Database Systems, Ramez Elmasri y Shamkant B. Navathe.');
INSERT INTO dbo.Modulos (id_modulo, nombre, id_carrera, descripcion, objetivos, contenido, duracion, tipo_evaluacion, docente, bibliografia) VALUES (2, 'Bases de Datos I', 1, 'Introducción a las bases de datos relacionales y lenguaje SQL.', 'Comprender los conceptos básicos de las bases de datos relacionales y lenguaje SQL.', '1. Introducción a las bases de datos relacionales.\n2. Modelado de datos.\n3. Lenguaje SQL.\n4. Consultas SQL.', 10, 'Exámenes, tareas, proyecto', 'Ana Torres', '1. Database Systems: The Complete Book, Hector Garcia-Molina, Jeffrey D. Ullman y Jennifer Widom.\n2. Fundamentals of Database Systems, Ramez Elmasri y Shamkant B. Navathe.');
INSERT INTO dbo.Modulos (id_modulo, nombre, id_carrera, descripcion, objetivos, contenido, duracion, tipo_evaluacion, docente, bibliografia) VALUES (3, 'Bases de Datos I', 1, 'Introducción a las bases de datos relacionales y lenguaje SQL.', 'Comprender los conceptos básicos de las bases de datos relacionales y lenguaje SQL.', '1. Introducción a las bases de datos relacionales.\n2. Modelado de datos.\n3. Lenguaje SQL.\n4. Consultas SQL.', 10, 'Exámenes, tareas, proyecto', 'Ana Torres', '1. Database Systems: The Complete Book, Hector Garcia-Molina, Jeffrey D. Ullman y Jennifer Widom.\n2. Fundamentals of Database Systems, Ramez Elmasri y Shamkant B. Navathe.');
INSERT INTO dbo.Modulos (id_modulo, nombre, id_carrera, descripcion, objetivos, contenido, duracion, tipo_evaluacion, docente, bibliografia) VALUES (4, 'Bases de Datos II', 1, 'Continuación de las bases de datos relacionales y lenguaje SQL.', 'Profundizar en los conceptos de las bases de datos relacionales y lenguaje SQL.', '1. Modelado de datos avanzado.\n2. SQL avanzado.\n3. Transacciones.\n4. Optimización de bases de datos.', 12, 'Exámenes, tareas, proyecto', 'Jorge Medina', '1. Database Systems: The Complete Book, Hector Garcia-Molina, Jeffrey D. Ullman y Jennifer Widom.\n2. Readings in Database Systems, Joseph M. Hellerstein y Michael Stonebraker.');
INSERT INTO dbo.Modulos (id_modulo, nombre, id_carrera, descripcion, objetivos, contenido, duracion, tipo_evaluacion, docente, bibliografia) VALUES (5, 'Redes de Computadoras I', 1, 'Introducción a las redes de computadoras.', 'Comprender los conceptos básicos de las redes de computadoras.', '1. Introducción a las redes de computadoras.\n2. Modelos de referencia.\n3. Capa física y de enlace.\n4. Capa de red.', 10, 'Exámenes, tareas, proyecto', 'Laura Díaz', '1. Computer Networking: A Top-Down Approach, James F. Kurose y Keith W. Ross.\n2. Data Communications and Networking, Behrouz A. Forouzan.');
INSERT INTO dbo.Modulos (id_modulo, nombre, id_carrera, descripcion, objetivos, contenido, duracion, tipo_evaluacion, docente, bibliografia) VALUES (6, 'Redes de Computadoras II', 1, 'Continuación de las redes de computadoras.', 'Profundizar en los conceptos de las redes de computadoras.', '1. Capa de transporte.\n2. Capa de sesión y de presentación.\n3. Seguridad en redes.\n4. Aplicaciones de redes.', 12, 'Exámenes, tareas, proyecto', 'Miguel González', '1. Computer Networking: A Top-Down Approach, James F. Kurose y Keith W. Ross.\n2. TCP/IP Protocol Suite, Behrouz A. Forouzan.');
INSERT INTO dbo.Modulos (id_modulo, nombre, id_carrera, descripcion, objetivos, contenido, duracion, tipo_evaluacion, docente, bibliografia) VALUES (7, 'Análisis y Diseño de Sistemas I', 1, 'Introducción al análisis y diseño de sistemas.', 'Comprender los conceptos básicos del análisis y diseño de sistemas.', '1. Introducción al análisis y diseño de sistemas.\n2. Ciclo de vida del software.\n3. Análisis de requerimientos.\n4. Modelado de sistemas.', 10, 'Exámenes, tareas, proyecto', 'Marcela Sánchez', '1. Systems Analysis and Design, Alan Dennis, Barbara Haley Wixom y Roberta M. Roth.\n2. Object-Oriented Systems Analysis and Design, Joey F. George.');
INSERT INTO dbo.Modulos (id_modulo, nombre, id_carrera, descripcion, objetivos, contenido, duracion, tipo_evaluacion, docente, bibliografia) VALUES (8, 'Bases de Datos I', 1, 'Introducción a las bases de datos.', 'Comprender los conceptos básicos de las bases de datos.', '1. Introducción a las bases de datos.\n2. Modelos de datos.\n3. Álgebra relacional.\n4. SQL.', 10, 'Exámenes, tareas, proyecto', 'Sofía López', '1. Fundamentals of Database Systems, Ramez Elmasri y Shamkant B. Navathe.\n2. Database Management Systems, Raghu Ramakrishnan y Johannes Gehrke.');
INSERT INTO dbo.Modulos (id_modulo, nombre, id_carrera, descripcion, objetivos, contenido, duracion, tipo_evaluacion, docente, bibliografia) VALUES (9, 'Bases de Datos II', 1, 'Continuación de las bases de datos.', 'Profundizar en los conceptos de las bases de datos.', '1. Modelo entidad-relación.\n2. Diseño de bases de datos.\n3. Normalización.\n4. Transacciones y control de concurrencia.', 12, 'Exámenes, tareas, proyecto', 'Javier Torres', '1. Database System Concepts, Abraham Silberschatz, Henry F. Korth y S. Sudarshan.\n2. Database Management Systems, Raghu Ramakrishnan y Johannes Gehrke.');
INSERT INTO dbo.Modulos (id_modulo, nombre, id_carrera, descripcion, objetivos, contenido, duracion, tipo_evaluacion, docente, bibliografia) VALUES (10, 'Programación Web I', 1, 'Introducción a la programación web.', 'Comprender los conceptos básicos de la programación web.', '1. Introducción a la programación web.\n2. HTML y CSS.\n3. Diseño de páginas web.\n4. JavaScript.', 10, 'Exámenes, tareas, proyecto', 'Juan Pérez', '1. HTML and CSS: Design and Build Websites, Jon Duckett.\n2. Learning Web Design: A Beginner''s Guide to HTML, CSS, JavaScript, and Web Graphics, Jennifer Niederst Robbins.');


--INSERT dbo.Remuneraciones

INSERT INTO dbo.Remuneraciones (id_remuneracion, id_funcionario, monto, fecha_pago, tipo_pago, mes, anio, banco, numero_cuenta, comentarios) VALUES (1, 1001, 3500.50, '2023-04-15', 'Transferencia', 4, 2023, 'Banco Estado', '123-456-789', 'Pago correspondiente a sueldo.');
INSERT INTO dbo.Remuneraciones (id_remuneracion, id_funcionario, monto, fecha_pago, tipo_pago, mes, anio, banco, numero_cuenta, comentarios) VALUES (2, 1002, 2800.25, '2023-04-15', 'Cheque', 4, 2023, 'Banco Santander', '987-654-321', 'Pago correspondiente a sueldo.');
INSERT INTO dbo.Remuneraciones (id_remuneracion, id_funcionario, monto, fecha_pago, tipo_pago, mes, anio, banco, numero_cuenta, comentarios) VALUES (3, 1003, 4100.75, '2023-04-15', 'Transferencia', 4, 2023, 'Banco de Chile', '567-890-123', 'Pago correspondiente a sueldo.');
INSERT INTO dbo.Remuneraciones (id_remuneracion, id_funcionario, monto, fecha_pago, tipo_pago, mes, anio, banco, numero_cuenta, comentarios) VALUES (4, 1004, 3100.00, '2023-04-15', 'Transferencia', 4, 2023, 'BancoEstado', '234-567-890', 'Pago correspondiente a sueldo.');
INSERT INTO dbo.Remuneraciones (id_remuneracion, id_funcionario, monto, fecha_pago, tipo_pago, mes, anio, banco, numero_cuenta, comentarios) VALUES (5, 1005, 2600.50, '2023-04-15', 'Cheque', 4, 2023, 'Banco de Crédito e Inversiones', '890-123-456', 'Pago correspondiente a sueldo.');
INSERT INTO dbo.Remuneraciones (id_remuneracion, id_funcionario, monto, fecha_pago, tipo_pago, mes, anio, banco, numero_cuenta, comentarios) VALUES (6, 1006, 3750.00, '2023-04-15', 'Transferencia', 4, 2023, 'Banco Santander', '345-678-901', 'Pago correspondiente a sueldo.');
INSERT INTO dbo.Remuneraciones (id_remuneracion, id_funcionario, monto, fecha_pago, tipo_pago, mes, anio, banco, numero_cuenta, comentarios) VALUES (7, 1007, 2900.75, '2023-04-15', 'Transferencia', 4, 2023, 'Banco de Chile', '789-012-345', 'Pago correspondiente a sueldo.');
INSERT INTO dbo.Remuneraciones (id_remuneracion, id_funcionario, monto, fecha_pago, tipo_pago, mes, anio, banco, numero_cuenta, comentarios) VALUES (8, 1008, 4300.00, '2023-04-15', 'Transferencia', 4, 2023, 'BancoEstado', '456-789-012', 'Pago correspondiente a sueldo.');
INSERT INTO dbo.Remuneraciones (id_remuneracion, id_funcionario, monto, fecha_pago, tipo_pago, mes, anio, banco, numero_cuenta, comentarios) VALUES (9, 1009, 3500.25, '2023-04-15', 'Cheque', 4, 2023, 'Banco de Crédito e Inversiones', '123-456-789', 'Pago correspondiente a sueldo.');
INSERT INTO dbo.Remuneraciones (id_remuneracion, id_funcionario, monto, fecha_pago, tipo_pago, mes, anio, banco, numero_cuenta, comentarios) VALUES (10, 1010, 3900.50, '2023-04-15', 'Transferencia', 4, 2023, 'Banco Santander', '987-654-321', 'Pago correspondiente a sueldo.');


--INSERT dbo.Salas

INSERT INTO dbo.Salas (id_sala, nombre, capacidad, edificio, ubicacion, descripcion, aforo_actual, equipamiento, estado, observaciones) VALUES (1, 'Sala de Conferencias', 50, 'Edificio A', 'Piso 2', 'Sala de conferencias equipada con proyector y pantalla gigante.', 30, 'Proyector, pantalla gigante, sillas y mesas', 'Disponible', 'Ninguna.');
INSERT INTO dbo.Salas (id_sala, nombre, capacidad, edificio, ubicacion, descripcion, aforo_actual, equipamiento, estado, observaciones) VALUES (2, 'Aula Magna', 200, 'Edificio B', 'Piso 1', 'Aula magna equipada con sistema de sonido y proyector.', 150, 'Sistema de sonido, proyector, sillas y mesas', 'Disponible', 'Ninguna.');
INSERT INTO dbo.Salas (id_sala, nombre, capacidad, edificio, ubicacion, descripcion, aforo_actual, equipamiento, estado, observaciones) VALUES (3, 'Sala de Reuniones', 12, 'Edificio C', 'Piso 3', 'Sala de reuniones equipada con mesa y sillas.', 6, 'Mesa, sillas', 'No disponible', 'En reparación.');
INSERT INTO dbo.Salas (id_sala, nombre, capacidad, edificio, ubicacion, descripcion, aforo_actual, equipamiento, estado, observaciones) VALUES (4, 'Laboratorio de Química', 20, 'Edificio D', 'Piso 2', 'Laboratorio de química con equipamiento para experimentos.', 15, 'Microscopios, pipetas, tubos de ensayo, bata, guantes, gafas', 'Disponible', 'Ninguna.');
INSERT INTO dbo.Salas (id_sala, nombre, capacidad, edificio, ubicacion, descripcion, aforo_actual, equipamiento, estado, observaciones) VALUES (5, 'Sala de Estudio', 40, 'Edificio E', 'Piso 4', 'Sala de estudio con mesas y sillas individuales.', 25, 'Mesas, sillas', 'Disponible', 'Ninguna.');
INSERT INTO dbo.Salas (id_sala, nombre, capacidad, edificio, ubicacion, descripcion, aforo_actual, equipamiento, estado, observaciones) VALUES (6, 'Aula de Informática', 30, 'Edificio F', 'Piso 1', 'Aula de informática equipada con computadoras y proyector.', 20, 'Computadoras, proyector', 'Disponible', 'Ninguna.');
INSERT INTO dbo.Salas (id_sala, nombre, capacidad, edificio, ubicacion, descripcion, aforo_actual, equipamiento, estado, observaciones) VALUES (7, 'Sala de Proyección', 25, 'Edificio G', 'Piso 2', 'Sala de proyección con proyector y sistema de sonido.', 20, 'Proyector, sistema de sonido, sillas y mesas', 'Disponible', 'Ninguna.');
INSERT INTO dbo.Salas (id_sala, nombre, capacidad, edificio, ubicacion, descripcion, aforo_actual, equipamiento, estado, observaciones) VALUES (8, 'Sala de Entrevistas', 6, 'Edificio H', 'Piso 3', 'Sala de entrevistas con mesa y sillas individuales.', 4, 'Mesa, sillas', 'Disponible', 'Ninguna.');
INSERT INTO dbo.Salas (id_sala, nombre, capacidad, edificio, ubicacion, descripcion, aforo_actual, equipamiento, estado, observaciones) VALUES (9, 'Auditorio', 150, 'Edificio I', 'Piso 2', 'Auditorio con escenario y sistema de iluminación.', 120, 'Escenario, sistema de iluminación, sillas y mesas', 'Disponible', 'Ninguna.');
INSERT INTO dbo.Salas (id_sala, nombre, capacidad, edificio, ubicacion, descripcion, aforo_actual, equipamiento, estado, observaciones)VALUES (10, 'Sala de Arte', 15, 'Edificio J', 'Piso 1', 'Sala de arte con caballetes y mesas para dibujo.', 10, 'Caballetes, mesas para dibujo, sillas', 'Disponible', 'Ninguna.'); 

